reserva_id,codigo_reserva,numero_ticket,vuelo_id,pasaporte_comprador,pasaporte_pasajero,numero_asiento,clase,comida_y_maleta
4263,lat5532-4263,2096,100,v03976673,v03976673,21,primera clase,falso
1722,lrc9669-1722,4435,130,n07672370,i07581924,4,economica,falso
2621,law6318-2621,6305,96,i19062847,f15206543,8,primera clase,falso
219,law6351-0219,8161,105,l56496275,p34583903,6,ejecutiva,falso
1037,lat5532-1037,316,100,x66304032,h23592194,22,economica,verdadero
1331,eta7128-1331,3411,114,v03976673,v03976673,26,primera clase,verdadero
2704,uan2468-2704,4516,99,x84322989,c87025090,17,economica,verdadero
3978,lud7177-3978,3856,121,g15489494,g15489494,3,economica,falso
616,eta6742-0616,7951,120,l87663260,j46610530,4,ejecutiva,verdadero
4160,lrc9669-4160,7946,130,w06120402,u37349664,25,primera clase,verdadero
820,cog4299-0820,3309,129,j34719947,j86333952,18,economica,falso
4470,lrc4743-4470,4133,110,x84322989,f15206543,18,economica,verdadero
2542,bta8394-2542,7224,128,i19062847,r17782317,21,ejecutiva,falso
4209,xle7933-4209,157,95,m25657749,m25657749,19,economica,verdadero
2855,lud5927-2855,8599,102,c87025090,t33834498,11,economica,falso
372,lrc4743-0372,195,110,l87663260,j86333952,20,economica,verdadero
1642,qaf4466-1642,4873,126,v79731274,d76513142,6,ejecutiva,falso
1,xle7933-0001,8518,95,e44895667,e44895667,6,economica,falso
1433,adc8249-1433,7289,119,n49905893,n49905893,3,ejecutiva,verdadero
2739,lat5532-2739,9598,100,r17782317,k07643594,30,economica,falso
692,ibe8751-0692,8254,124,p11550487,p11550487,30,ejecutiva,verdadero
1269,cog7539-1269,5809,111,g04408945,j39937043,10,ejecutiva,verdadero
4772,xle3285-4772,7700,125,v03976673,n15841852,20,economica,falso
3891,eal8271-3891,1031,117,j86333952,o01507856,10,economica,verdadero
1037,lat5532-1037,127,100,x66304032,o41678476,19,primera clase,verdadero
489,ncy5615-0489,385,116,x49704522,x49704522,18,ejecutiva,verdadero
2542,bta8394-2542,4984,128,i19062847,l94336722,17,economica,falso
1991,uan2468-1991,5775,99,d84069297,f70729457,5,economica,verdadero
3775,lam9554-3775,5178,109,v39868007,j86333952,25,economica,falso
4782,qaf4466-4782,6775,126,y33413387,g04408945,2,primera clase,falso
2844,azi6476-2844,2170,101,o04335063,o04335063,6,economica,falso
4365,bta9626-4365,9125,103,d64763364,u68917595,26,economica,falso
4222,law6318-4222,5170,96,n49905893,g04408945,31,economica,verdadero
2151,qaf6392-2151,3117,106,z09262256,j46009647,6,ejecutiva,verdadero
2220,lam9554-2220,2381,109,l87663260,g15489494,14,economica,falso
4247,uan2468-4247,9932,99,n49905893,n49905893,14,ejecutiva,falso
2123,ibe2338-2123,1715,104,j46610530,n07672370,15,primera clase,verdadero
2288,ncy5615-2288,8394,116,y23187711,y23187711,20,primera clase,falso
629,eal7933-0629,719,123,i63697476,y05451726,8,primera clase,falso
2262,cog7539-2262,7979,111,f69466449,n47846939,20,economica,verdadero
2220,lam9554-2220,8656,109,l87663260,l87663260,24,ejecutiva,falso
4365,bta9626-4365,7017,103,d64763364,i71542181,11,ejecutiva,falso
3593,azi6476-3593,550,101,j33947155,j86333952,7,primera clase,falso
3180,kai3589-3180,5110,115,m25657749,r10584802,12,economica,verdadero
9,law6318-0009,2563,96,d84069297,f70729457,3,ejecutiva,verdadero
3739,qaf6392-3739,2154,106,h44001820,j47009281,11,ejecutiva,verdadero
4437,uan2881-4437,6065,108,j46610530,j46610530,8,ejecutiva,verdadero
3739,qaf6392-3739,4968,106,h44001820,h44001820,23,economica,falso
2855,lud5927-2855,8734,102,c87025090,d39176940,7,economica,falso
807,bta8394-0807,542,128,d76513142,o41678476,22,economica,verdadero
873,kai7891-0873,6730,133,y05451726,w06120402,6,economica,verdadero
4222,law6318-4222,7235,96,n49905893,h44001820,5,ejecutiva,falso
3891,eal8271-3891,3393,117,j86333952,t72132858,16,primera clase,falso
1991,uan2468-1991,2581,99,d84069297,j86333952,12,economica,falso
4669,mph1782-4669,9662,118,z09262256,z09262256,28,ejecutiva,verdadero
1037,lat5532-1037,6391,100,x66304032,t33834498,12,economica,verdadero
2504,xle3285-2504,815,125,l87663260,g04408945,22,ejecutiva,falso
2704,uan2468-2704,5177,99,x84322989,c63211080,8,economica,verdadero
1422,eal8271-1422,6731,117,l87663260,n49905893,15,economica,verdadero
3366,ibe8751-3366,2248,124,d46250570,o01507856,6,primera clase,verdadero
4265,azi6476-4265,3175,101,q62966391,c87025090,23,economica,verdadero
231,uan2881-0231,936,108,n68461604,p11550487,6,ejecutiva,falso
2218,uan2881-2218,6134,108,l97895867,l97895867,11,ejecutiva,verdadero
2964,uca4751-2964,9087,107,y88079794,t59160871,14,economica,verdadero
3845,kai3589-3845,8358,115,g15489494,y13424296,27,economica,verdadero
1618,ibe8751-1618,4807,124,n47846939,v79731274,29,ejecutiva,verdadero
2910,law6351-2910,6732,105,v79731274,o01507856,23,primera clase,verdadero
2540,adc6283-2540,2589,127,t18212951,q62966391,15,primera clase,verdadero
3231,ncy5615-3231,2945,116,a40223024,o85238546,14,economica,verdadero
2280,eta7128-2280,704,114,n24258653,h23592194,23,economica,verdadero
3588,uan2468-3588,5215,99,p34583903,t33834498,31,primera clase,falso
4150,bta8394-4150,2391,128,n15841852,n24258653,31,economica,verdadero
4660,eal8271-4660,83,117,v79731274,v79731274,18,primera clase,verdadero
3536,xle7933-3536,2341,95,g04408945,j34719947,11,primera clase,falso
2875,bta9626-2875,8601,103,g15489494,f70729457,5,ejecutiva,falso
1726,lam9574-1726,5888,131,j46610530,j46610530,22,ejecutiva,falso
2540,adc6283-2540,6633,127,t18212951,d84069297,19,economica,falso
2288,ncy5615-2288,7403,116,y23187711,x66304032,28,primera clase,verdadero
92,uan2468-0092,472,99,f23633774,n68461604,25,economica,falso
4236,law1134-4236,1361,97,t72132858,c63211080,11,economica,verdadero
2226,lrc4743-2226,2243,110,l94336722,l94336722,10,primera clase,falso
1286,xle5111-1286,2274,112,m25657749,m25657749,21,primera clase,verdadero
2556,lrc9669-2556,606,130,z87364523,f89276118,24,primera clase,verdadero
736,xle3285-0736,9531,125,d64763364,d64763364,3,economica,verdadero
2910,law6351-2910,3810,105,v79731274,v79731274,28,primera clase,falso
1016,uan2468-1016,4726,99,f09235820,f09235820,28,economica,verdadero
4396,law6351-4396,8163,105,o01507856,c63211080,11,primera clase,falso
2029,azi6476-2029,4684,101,j34719947,h44001820,3,economica,verdadero
2288,ncy5615-2288,6965,116,y23187711,r56995721,22,primera clase,verdadero
1480,lud7177-1480,1895,121,v39868007,q76465555,26,primera clase,verdadero
3396,adc6283-3396,3329,127,h44001820,d46250570,5,primera clase,verdadero
4396,law6351-4396,7333,105,o01507856,z51226931,20,primera clase,verdadero
628,ncy1133-0628,8037,122,j76795477,t72132858,5,ejecutiva,verdadero
182,ibe2338-0182,7840,104,j39937043,j39937043,14,primera clase,verdadero
4523,kea7139-4523,2226,113,l56496275,q62966391,2,economica,falso
538,mph1782-0538,4287,118,f15206543,i19062847,23,economica,verdadero
736,xle3285-0736,7666,125,d64763364,d84069297,9,ejecutiva,falso
2633,cog3144-2633,6555,98,i19062847,i19062847,21,economica,falso
3974,eta6742-3974,3138,120,h23592194,h23592194,21,primera clase,falso
2542,bta8394-2542,9885,128,i19062847,i19062847,7,primera clase,verdadero
3679,bta9626-3679,114,103,j76795477,j46009647,29,economica,verdadero
2276,kea7139-2276,5345,113,r17782317,l97895867,27,economica,verdadero
4902,cog4299-4902,4198,129,f15206543,o41678476,28,economica,falso
3712,ibe2338-3712,9995,104,u37349664,d99418548,27,primera clase,verdadero
219,law6351-0219,246,105,l56496275,l56496275,7,economica,falso
3668,lud5927-3668,3235,102,i19062847,i19062847,29,primera clase,verdadero
2578,lat2175-2578,670,132,y88079794,p34583903,7,primera clase,verdadero
4265,azi6476-4265,2928,101,q62966391,q62966391,26,economica,falso
1082,bta9626-1082,3083,103,v79731274,v79731274,28,ejecutiva,falso
3832,kea7139-3832,8398,113,j47009281,u37349664,12,primera clase,verdadero
2964,uca4751-2964,4463,107,y88079794,j39937043,9,ejecutiva,verdadero
1970,law1134-1970,2906,97,z87364523,x66304032,16,primera clase,verdadero
820,cog4299-0820,7155,129,j34719947,j34719947,21,economica,falso
3421,lrc9669-3421,4274,130,b30315997,d84069297,13,primera clase,falso
3294,eta6742-3294,4478,120,n07672370,d76513142,2,primera clase,falso
531,eal8271-0531,5536,117,n15841852,t18212951,19,ejecutiva,falso
2844,azi6476-2844,9747,101,o04335063,n47846939,17,ejecutiva,falso
405,xle5111-0405,7880,112,z87364523,d39176940,14,ejecutiva,verdadero
4247,uan2468-4247,2626,99,n49905893,h44001820,15,ejecutiva,verdadero
1007,cog3144-1007,7804,98,z09262256,l94336722,8,economica,verdadero
444,kai3589-0444,4471,115,x66304032,x66304032,25,primera clase,falso
2048,lud5927-2048,436,102,j86333952,e44895667,2,economica,verdadero
159,azi6476-0159,4327,101,c59429415,n55362278,25,economica,verdadero
905,law6318-0905,5864,96,f89276118,l94336722,26,ejecutiva,verdadero
834,lrc9669-0834,8172,130,j46610530,j46610530,9,economica,falso
736,xle3285-0736,8314,125,d64763364,c87025090,26,ejecutiva,verdadero
2988,uan2881-2988,9508,108,n07672370,n07672370,17,ejecutiva,falso
3772,uan2881-3772,2220,108,x84322989,x84322989,19,economica,verdadero
1037,lat5532-1037,384,100,x66304032,x66304032,18,primera clase,verdadero
842,lam9574-0842,7042,131,k07643594,d76513142,8,ejecutiva,verdadero
1515,ncy1133-1515,5471,122,c63211080,c59429415,8,ejecutiva,falso
2577,lam9574-2577,5029,131,p84627985,n24258653,5,economica,falso
4064,xle3285-4064,5275,125,x66304032,s05106445,14,economica,falso
3394,qaf4466-3394,8630,126,j46610530,n24258653,13,ejecutiva,falso
3376,xle3285-3376,9855,125,t72132858,t33834498,19,primera clase,falso
538,mph1782-0538,46,118,f15206543,i71394677,21,economica,verdadero
4604,eta7128-4604,8056,114,c87025090,z09262256,24,economica,falso
4396,law6351-4396,224,105,o01507856,r10584802,32,ejecutiva,verdadero
2621,law6318-2621,2153,96,i19062847,t18212951,17,ejecutiva,verdadero
2543,cog4299-2543,3002,129,n49905893,n49905893,22,economica,verdadero
736,xle3285-0736,840,125,d64763364,y23187711,28,economica,falso
3339,eal7933-3339,1959,123,n47846939,n47846939,26,economica,falso
159,azi6476-0159,265,101,c59429415,c59429415,19,ejecutiva,falso
3845,kai3589-3845,4062,115,g15489494,i71394677,22,economica,verdadero
3972,adc8249-3972,4381,119,u68917595,x66304032,23,economica,verdadero
435,eta7128-0435,65,114,o04335063,o85238546,25,economica,falso
4697,adc8249-4697,4213,119,d64763364,i63697476,8,economica,verdadero
4158,cog4299-4158,5661,129,p11550487,p11550487,16,economica,falso
4772,xle3285-4772,8076,125,v03976673,v03976673,18,economica,falso
4831,bta8394-4831,8783,128,f23633774,f23633774,4,economica,verdadero
2556,lrc9669-2556,8835,130,z87364523,t59160871,11,economica,verdadero
4979,lat2175-4979,8180,132,x66304032,x66304032,25,ejecutiva,falso
1687,bta8394-1687,9189,128,n47846939,n47846939,26,primera clase,falso
2542,bta8394-2542,1146,128,i19062847,q76465555,20,economica,falso
2515,qaf4466-2515,6214,126,t18212951,p84627985,1,primera clase,verdadero
3463,lat2175-3463,2142,132,v79731274,v79731274,21,primera clase,falso
1196,lam9554-1196,7102,109,x49704522,x49704522,10,primera clase,verdadero
2577,lam9574-2577,4105,131,p84627985,p84627985,7,economica,falso
3405,bta8394-3405,8459,128,g69357980,g69357980,5,primera clase,falso
2504,xle3285-2504,4856,125,l87663260,y13424296,7,economica,falso
2465,ncy1133-2465,4966,122,g69357980,m25657749,2,economica,verdadero
2578,lat2175-2578,2097,132,y88079794,y88079794,8,economica,verdadero
3394,qaf4466-3394,181,126,j46610530,z87364523,25,ejecutiva,falso
4160,lrc9669-4160,2636,130,w06120402,w06120402,7,ejecutiva,verdadero
2515,qaf4466-2515,8266,126,t18212951,z09262256,12,ejecutiva,falso
1051,azi6476-1051,4275,101,z87364523,z87364523,24,ejecutiva,verdadero
4241,cog3144-4241,6330,98,x66304032,v79731274,23,ejecutiva,falso
4727,lud7177-4727,420,121,z09262256,x66304032,10,economica,falso
4186,lat2175-4186,8535,132,t33834498,m25657749,22,economica,falso
1749,kai7891-1749,9823,133,i63697476,i63697476,14,economica,falso
736,xle3285-0736,6672,125,d64763364,j46009647,30,ejecutiva,falso
894,xle7933-0894,681,95,s05106445,h44001820,8,ejecutiva,verdadero
1995,lat5532-1995,8911,100,m25657749,m25657749,6,economica,falso
3294,eta6742-3294,5384,120,n07672370,n07672370,20,primera clase,verdadero
2500,ibe8751-2500,7720,124,t59160871,n15841852,15,economica,falso
1687,bta8394-1687,5779,128,n47846939,n55362278,25,economica,falso
4782,qaf4466-4782,4052,126,y33413387,j34719947,14,ejecutiva,falso
3825,xle5111-3825,7198,112,w23173820,y38354449,18,economica,verdadero
4669,mph1782-4669,3813,118,z09262256,r17782317,19,economica,falso
797,adc6283-0797,3026,127,o85238546,d76513142,29,economica,falso
1080,lud5927-1080,1500,102,r56995721,y05451726,26,economica,falso
4160,lrc9669-4160,2008,130,w06120402,q62966391,19,ejecutiva,falso
2339,mph1782-2339,7043,118,d64763364,d64763364,16,primera clase,falso
3845,kai3589-3845,99,115,g15489494,g15489494,3,ejecutiva,falso
905,law6318-0905,256,96,f89276118,d46250570,2,ejecutiva,falso
2301,eal8271-2301,380,117,w23173820,g15489494,23,economica,verdadero
1623,xle3285-1623,190,125,o01507856,o01507856,31,economica,verdadero
3168,eta7128-3168,694,114,p84627985,p34583903,18,economica,falso
414,kea7139-0414,9054,113,y33413387,j86333952,8,primera clase,verdadero
4033,ibe8751-4033,4769,124,j86333952,j34719947,22,primera clase,falso
1699,cog4299-1699,8667,129,i19062847,j76795477,17,economica,verdadero
231,uan2881-0231,7411,108,n68461604,g15489494,5,economica,verdadero
3752,uca4751-3752,7007,107,z09262256,k07643594,1,ejecutiva,verdadero
2704,uan2468-2704,4696,99,x84322989,t18212951,24,economica,verdadero
4437,uan2881-4437,7299,108,j46610530,f15206543,4,economica,falso
4123,qaf4466-4123,9562,126,j39937043,j39937043,19,economica,falso
2029,azi6476-2029,9559,101,j34719947,j34719947,15,economica,falso
3891,eal8271-3891,1591,117,j86333952,i71542181,9,primera clase,verdadero
2936,qaf6392-2936,569,106,f09235820,y38354449,22,economica,verdadero
1749,kai7891-1749,9081,133,i63697476,i71542181,29,ejecutiva,verdadero
4268,lud5927-4268,6552,102,v03976673,p84627985,17,economica,falso
736,xle3285-0736,4997,125,d64763364,j39937043,2,economica,verdadero
2936,qaf6392-2936,3901,106,f09235820,f09235820,21,economica,falso
905,law6318-0905,1910,96,f89276118,n49905893,4,primera clase,falso
3999,ncy1133-3999,3904,122,h23592194,h23592194,13,economica,verdadero
414,kea7139-0414,2613,113,y33413387,y33413387,10,economica,falso
3298,lud7177-3298,7618,121,c59429415,c59429415,12,economica,falso
3409,cog4299-3409,4056,129,x84322989,x84322989,3,economica,verdadero
1433,adc8249-1433,622,119,n49905893,d84069297,5,economica,verdadero
4604,eta7128-4604,4303,114,c87025090,c87025090,5,economica,falso
1515,ncy1133-1515,6582,122,c63211080,c63211080,7,economica,falso
2262,cog7539-2262,5763,111,f69466449,c59429415,30,economica,falso
2543,cog4299-2543,7745,129,n49905893,i71542181,8,ejecutiva,verdadero
3978,lud7177-3978,5169,121,g15489494,l56496275,28,ejecutiva,falso
2054,bta9626-2054,5287,103,j39937043,j39937043,21,ejecutiva,falso
4490,xle5111-4490,6554,112,d64763364,d64763364,20,ejecutiva,falso
3405,bta8394-3405,8512,128,g69357980,o01507856,24,primera clase,falso
4763,eal7933-4763,1836,123,d39176940,f09235820,1,primera clase,verdadero
2578,lat2175-2578,6024,132,y88079794,u37349664,12,economica,verdadero
1269,cog7539-1269,8748,111,g04408945,x49704522,12,economica,falso
531,eal8271-0531,7091,117,n15841852,o04335063,2,ejecutiva,falso
3333,ncy1133-3333,5854,122,f23633774,f23633774,12,primera clase,falso
3825,xle5111-3825,1600,112,w23173820,j33947155,25,primera clase,verdadero
1331,eta7128-1331,1388,114,v03976673,l94336722,16,economica,verdadero
1970,law1134-1970,659,97,z87364523,z87364523,13,primera clase,verdadero
231,uan2881-0231,7659,108,n68461604,l94336722,15,primera clase,verdadero
4150,bta8394-4150,965,128,n15841852,n15841852,16,economica,verdadero
2276,kea7139-2276,2284,113,r17782317,y38354449,30,economica,verdadero
2875,bta9626-2875,8840,103,g15489494,g15489494,22,economica,verdadero
2218,uan2881-2218,4672,108,l97895867,h44001820,16,economica,falso
2262,cog7539-2262,3500,111,f69466449,r17782317,31,economica,falso
4268,lud5927-4268,5857,102,v03976673,f69466449,18,ejecutiva,verdadero
3568,cog3144-3568,8980,98,i71394677,i71394677,14,primera clase,falso
2262,cog7539-2262,8903,111,f69466449,m25657749,14,economica,verdadero
3366,ibe8751-3366,9752,124,d46250570,d46250570,31,ejecutiva,verdadero
174,lud5927-0174,9451,102,i78807927,p11550487,21,ejecutiva,falso
1090,ibe2338-1090,972,104,g15489494,n55362278,21,ejecutiva,falso
2556,lrc9669-2556,3521,130,z87364523,a17367163,12,economica,verdadero
3564,law1134-3564,529,97,y05451726,r10584802,29,primera clase,verdadero
4669,mph1782-4669,7355,118,z09262256,i63697476,7,ejecutiva,falso
3037,lrc4743-3037,3142,110,j47009281,d39176940,21,primera clase,falso
4473,cog7539-4473,565,111,t18212951,t18212951,23,primera clase,falso
1699,cog4299-1699,1598,129,i19062847,i19062847,29,economica,falso
905,law6318-0905,35,96,f89276118,x49704522,22,economica,falso
1623,xle3285-1623,9677,125,o01507856,v79731274,10,primera clase,falso
102,lat5532-0102,4469,100,g96421276,o01507856,17,economica,verdadero
3231,ncy5615-3231,8327,116,a40223024,a40223024,23,economica,verdadero
4464,lam9554-4464,2529,109,k07643594,r56995721,1,economica,falso
2048,lud5927-2048,4492,102,j86333952,d76513142,4,ejecutiva,falso
1082,bta9626-1082,1152,103,v79731274,o04335063,20,primera clase,verdadero
2133,law6351-2133,5164,105,y13424296,f23633774,10,ejecutiva,falso
3887,ncy5615-3887,2752,116,v03976673,v03976673,25,economica,verdadero
3951,mph1782-3951,4135,118,c59429415,u68917595,15,primera clase,falso
2151,qaf6392-2151,4016,106,z09262256,h23592194,17,ejecutiva,verdadero
843,lat2175-0843,5094,132,g69357980,e44895667,19,primera clase,verdadero
102,lat5532-0102,5870,100,g96421276,r56995721,2,economica,verdadero
4265,azi6476-4265,3524,101,q62966391,d84069297,12,ejecutiva,falso
3817,lrc4743-3817,645,110,d99418548,d99418548,23,primera clase,verdadero
1195,uan2881-1195,7768,108,j76795477,i07581924,22,economica,verdadero
736,xle3285-0736,3429,125,d64763364,n07672370,16,economica,falso
3536,xle7933-3536,9347,95,g04408945,g04408945,31,economica,verdadero
3450,lam9574-3450,4253,131,a40223024,l97895867,14,primera clase,falso
3819,cog7539-3819,8320,111,x84322989,x84322989,19,economica,falso
3080,xle5111-3080,2397,112,s03830222,f15206543,4,ejecutiva,falso
3728,law6351-3728,3863,105,j47009281,j33947155,31,economica,falso
3298,lud7177-3298,2550,121,c59429415,y13424296,30,primera clase,verdadero
4188,kai7891-4188,4567,133,y23187711,v79731274,18,ejecutiva,falso
2515,qaf4466-2515,2957,126,t18212951,x91486662,27,ejecutiva,verdadero
1195,uan2881-1195,4922,108,j76795477,t59160871,13,ejecutiva,verdadero
736,xle3285-0736,5200,125,d64763364,i63697476,17,economica,verdadero
1618,ibe8751-1618,1291,124,n47846939,p84627985,20,economica,falso
221,qaf6392-0221,4011,106,f69466449,a17367163,15,ejecutiva,verdadero
1722,lrc9669-1722,5956,130,n07672370,n07672370,14,ejecutiva,verdadero
4268,lud5927-4268,7160,102,v03976673,c59429415,19,economica,verdadero
3366,ibe8751-3366,9078,124,d46250570,d76513142,3,ejecutiva,falso
3037,lrc4743-3037,198,110,j47009281,j47009281,14,primera clase,falso
4634,kai3589-4634,9658,115,t72132858,t72132858,28,ejecutiva,falso
174,lud5927-0174,4219,102,i78807927,o41678476,23,economica,verdadero
1733,lat2175-1733,2237,132,j46009647,s03830222,11,primera clase,falso
4831,bta8394-4831,2014,128,f23633774,j47009281,32,ejecutiva,verdadero
4922,lrc9669-4922,1358,130,j46009647,y33413387,21,economica,verdadero
2271,xle5111-2271,7900,112,p84627985,p84627985,11,primera clase,verdadero
3147,kea7139-3147,1798,113,j39937043,j39937043,19,economica,verdadero
3712,ibe2338-3712,34,104,u37349664,n49905893,20,economica,falso
2262,cog7539-2262,1834,111,f69466449,a17367163,13,economica,falso
1,xle7933-0001,8241,95,e44895667,v03976673,7,primera clase,falso
1090,ibe2338-1090,8012,104,g15489494,s05106445,6,primera clase,falso
2616,xle7933-2616,4061,95,i71542181,i71542181,23,primera clase,falso
3588,uan2468-3588,7436,99,p34583903,d46250570,9,economica,verdadero
219,law6351-0219,213,105,l56496275,t33834498,12,primera clase,falso
4926,lam9574-4926,5311,131,a17367163,i19062847,19,ejecutiva,falso
4831,bta8394-4831,5977,128,f23633774,b30315997,12,primera clase,verdadero
4831,bta8394-4831,8483,128,f23633774,r56995721,18,primera clase,falso
4177,lam9574-4177,6192,131,z09262256,x49704522,3,economica,verdadero
4222,law6318-4222,9663,96,n49905893,o41678476,25,economica,verdadero
1927,law6318-1927,2427,96,n24258653,j34719947,11,economica,verdadero
3080,xle5111-3080,6168,112,s03830222,d99418548,12,primera clase,verdadero
2193,uca4751-2193,5705,107,y23187711,y23187711,8,ejecutiva,falso
3287,mph1782-3287,977,118,f69466449,k07643594,12,primera clase,falso
1251,lrc4743-1251,4719,110,s03830222,s03830222,3,economica,falso
219,law6351-0219,6873,105,l56496275,j76795477,21,primera clase,verdadero
4160,lrc9669-4160,3507,130,w06120402,l94336722,20,primera clase,verdadero
807,bta8394-0807,3196,128,d76513142,v39868007,28,primera clase,verdadero
842,lam9574-0842,3430,131,k07643594,o04335063,4,economica,verdadero
1288,kea7139-1288,1701,113,s03830222,g15489494,3,ejecutiva,verdadero
2151,qaf6392-2151,7842,106,z09262256,z09262256,16,ejecutiva,falso
2465,ncy1133-2465,9726,122,g69357980,g69357980,9,economica,verdadero
4646,ncy5615-4646,1876,116,i19062847,y33413387,32,economica,falso
444,kai3589-0444,1369,115,x66304032,j46610530,29,economica,verdadero
3817,lrc4743-3817,33,110,d99418548,c63211080,25,primera clase,falso
4241,cog3144-4241,4257,98,x66304032,j33947155,4,economica,falso
4782,qaf4466-4782,9988,126,y33413387,n15841852,31,economica,falso
4396,law6351-4396,8613,105,o01507856,w06120402,27,primera clase,verdadero
4437,uan2881-4437,2955,108,j46610530,y88079794,3,ejecutiva,verdadero
3180,kai3589-3180,753,115,m25657749,h23592194,13,ejecutiva,falso
3679,bta9626-3679,2661,103,j76795477,f23633774,13,ejecutiva,verdadero
1113,law6351-1113,4246,105,j34719947,e44895667,29,economica,falso
4771,ibe8751-4771,6623,124,i63697476,f70729457,16,economica,falso
3421,lrc9669-3421,540,130,b30315997,b30315997,16,primera clase,falso
2280,eta7128-2280,2691,114,n24258653,u37349664,7,economica,verdadero
1433,adc8249-1433,2921,119,n49905893,z87364523,21,economica,falso
2616,xle7933-2616,6924,95,i71542181,r10584802,24,ejecutiva,verdadero
372,lrc4743-0372,7782,110,l87663260,l87663260,12,ejecutiva,verdadero
616,eta6742-0616,4865,120,l87663260,y13424296,3,economica,falso
1269,cog7539-1269,1856,111,g04408945,d99418548,5,primera clase,falso
1436,eta6742-1436,1540,120,d39176940,t33834498,11,ejecutiva,verdadero
435,eta7128-0435,251,114,o04335063,o04335063,30,primera clase,verdadero
3679,bta9626-3679,8449,103,j76795477,j76795477,23,economica,verdadero
1927,law6318-1927,2779,96,n24258653,n24258653,30,economica,falso
3147,kea7139-3147,3910,113,j39937043,x84322989,9,primera clase,falso
4470,lrc4743-4470,3824,110,x84322989,i19062847,11,ejecutiva,falso
25,cog3144-0025,2415,98,j34719947,j46009647,11,economica,falso
1269,cog7539-1269,4386,111,g04408945,n07672370,3,primera clase,verdadero
4241,cog3144-4241,2496,98,x66304032,c59429415,17,primera clase,falso
945,law1134-0945,1610,97,n15841852,n55362278,12,primera clase,falso
623,lud7177-0623,839,121,n07672370,n07672370,23,economica,verdadero
4660,eal8271-4660,5481,117,v79731274,t59160871,17,primera clase,falso
1269,cog7539-1269,2136,111,g04408945,d64763364,29,economica,falso
873,kai7891-0873,8745,133,y05451726,j46009647,11,economica,falso
4464,lam9554-4464,66,109,k07643594,k07643594,18,primera clase,falso
1195,uan2881-1195,2139,108,j76795477,j76795477,18,economica,falso
2414,adc8249-2414,4331,119,d46250570,a17367163,14,primera clase,falso
2875,bta9626-2875,5869,103,g15489494,y38354449,18,primera clase,verdadero
2123,ibe2338-2123,9596,104,j46610530,j34719947,23,economica,verdadero
1,xle7933-0001,8653,95,e44895667,d76513142,13,economica,verdadero
21,law1134-0021,1237,97,v39868007,o85238546,22,economica,verdadero
1269,cog7539-1269,4695,111,g04408945,l97895867,17,economica,falso
3999,ncy1133-3999,899,122,h23592194,d39176940,10,economica,verdadero
174,lud5927-0174,7101,102,i78807927,d84069297,9,economica,verdadero
1090,ibe2338-1090,7257,104,g15489494,x91486662,30,economica,falso
3564,law1134-3564,9144,97,y05451726,f23633774,21,primera clase,verdadero
1907,xle7933-1907,1143,95,c87025090,x66304032,15,primera clase,verdadero
3568,cog3144-3568,20,98,i71394677,s05106445,6,primera clase,verdadero
4981,kai7891-4981,5051,133,o85238546,o85238546,2,economica,falso
2440,eta6742-2440,4488,120,t18212951,d46250570,13,ejecutiva,falso
4726,eta6742-4726,4194,120,j86333952,g96421276,16,economica,verdadero
1269,cog7539-1269,9533,111,g04408945,v03976673,8,economica,verdadero
4137,adc6283-4137,7865,127,g15489494,g15489494,14,economica,falso
9,law6318-0009,1247,96,d84069297,p84627985,18,economica,falso
2262,cog7539-2262,6687,111,f69466449,w06120402,21,economica,falso
2964,uca4751-2964,2920,107,y88079794,y88079794,3,economica,falso
820,cog4299-0820,1803,129,j34719947,l87663260,4,primera clase,falso
4123,qaf4466-4123,9323,126,j39937043,y38354449,11,primera clase,falso
4726,eta6742-4726,5420,120,j86333952,j86333952,28,economica,falso
489,ncy5615-0489,739,116,x49704522,j39937043,19,economica,verdadero
4763,eal7933-4763,1539,123,d39176940,d39176940,20,ejecutiva,verdadero
3836,eta7128-3836,4307,114,f15206543,f15206543,12,economica,falso
3168,eta7128-3168,8101,114,p84627985,i71394677,8,economica,verdadero
4404,qaf6392-4404,6603,106,r56995721,f15206543,27,primera clase,falso
1699,cog4299-1699,146,129,i19062847,d99418548,25,economica,falso
4660,eal8271-4660,5238,117,v79731274,x91486662,11,primera clase,verdadero
231,uan2881-0231,7278,108,n68461604,n68461604,26,ejecutiva,falso
4427,uca4751-4427,3668,107,f70729457,e44895667,18,primera clase,verdadero
4926,lam9574-4926,119,131,a17367163,a17367163,16,economica,falso
3825,xle5111-3825,637,112,w23173820,w23173820,5,ejecutiva,verdadero
222,uca4751-0222,3771,107,l87663260,j46009647,6,economica,verdadero
1515,ncy1133-1515,2919,122,c63211080,i78807927,24,primera clase,falso
736,xle3285-0736,9912,125,d64763364,q76465555,6,ejecutiva,falso
797,adc6283-0797,4691,127,o85238546,o85238546,3,primera clase,falso
4646,ncy5615-4646,7757,116,i19062847,i19062847,13,primera clase,verdadero
1970,law1134-1970,4033,97,z87364523,o41678476,24,economica,verdadero
102,lat5532-0102,3482,100,g96421276,g96421276,7,ejecutiva,verdadero
4365,bta9626-4365,7655,103,d64763364,n55362278,12,primera clase,falso
4763,eal7933-4763,2862,123,d39176940,n15841852,32,ejecutiva,falso
1678,adc6283-1678,2028,127,n47846939,z87364523,23,primera clase,verdadero
222,uca4751-0222,957,107,l87663260,l87663260,23,primera clase,verdadero
4604,eta7128-4604,9396,114,c87025090,b30315997,6,ejecutiva,verdadero
372,lrc4743-0372,2089,110,l87663260,r17782317,22,economica,falso
613,adc8249-0613,7515,119,l56496275,l56496275,24,primera clase,falso
2556,lrc9669-2556,3187,130,z87364523,z87364523,15,economica,falso
3568,cog3144-3568,6894,98,i71394677,f23633774,16,ejecutiva,verdadero
92,uan2468-0092,4340,99,f23633774,g15489494,7,economica,falso
2621,law6318-2621,3682,96,i19062847,i19062847,28,ejecutiva,verdadero
3405,bta8394-3405,5378,128,g69357980,y23187711,14,economica,falso
1927,law6318-1927,3192,96,n24258653,o01507856,1,economica,verdadero
2633,cog3144-2633,791,98,i19062847,z51226931,2,economica,falso
2910,law6351-2910,6358,105,v79731274,u37349664,8,primera clase,falso
4669,mph1782-4669,9949,118,z09262256,y05451726,9,economica,falso
3287,mph1782-3287,9692,118,f69466449,f69466449,24,economica,falso
4177,lam9574-4177,7015,131,z09262256,z09262256,23,economica,falso
2855,lud5927-2855,8568,102,c87025090,x66304032,22,economica,falso
3712,ibe2338-3712,5333,104,u37349664,i71542181,5,primera clase,verdadero
3728,law6351-3728,1505,105,j47009281,f89276118,15,ejecutiva,verdadero
435,eta7128-0435,2714,114,o04335063,t59160871,10,ejecutiva,verdadero
4697,adc8249-4697,3380,119,d64763364,d64763364,25,primera clase,falso
4033,ibe8751-4033,3538,124,j86333952,j47009281,32,primera clase,falso
1080,lud5927-1080,1726,102,r56995721,r17782317,5,primera clase,verdadero
2875,bta9626-2875,9947,103,g15489494,d46250570,25,economica,verdadero
4241,cog3144-4241,2072,98,x66304032,x66304032,24,economica,falso
3003,lam9554-3003,7161,109,c87025090,g96421276,6,primera clase,falso
873,kai7891-0873,1837,133,y05451726,y88079794,13,economica,falso
2988,uan2881-2988,8299,108,n07672370,f23633774,20,economica,verdadero
1542,eal7933-1542,8953,123,t59160871,i78807927,28,economica,verdadero
3168,eta7128-3168,6828,114,p84627985,y38354449,27,ejecutiva,verdadero
4209,xle7933-4209,2350,95,m25657749,l94336722,4,ejecutiva,verdadero
2262,cog7539-2262,5862,111,f69466449,l94336722,18,economica,verdadero
3887,ncy5615-3887,8547,116,v03976673,j33947155,11,economica,verdadero
2218,uan2881-2218,2354,108,l97895867,i78807927,14,primera clase,falso
873,kai7891-0873,5766,133,y05451726,y05451726,21,primera clase,falso
403,cog7539-0403,2339,111,l87663260,l87663260,11,primera clase,verdadero
4123,qaf4466-4123,9204,126,j39937043,v39868007,30,economica,falso
4427,uca4751-4427,630,107,f70729457,f70729457,10,primera clase,verdadero
4727,lud7177-4727,1396,121,z09262256,x91486662,15,economica,verdadero
2280,eta7128-2280,31,114,n24258653,n24258653,4,economica,verdadero
2577,lam9574-2577,8480,131,p84627985,l56496275,11,economica,falso
102,lat5532-0102,5841,100,g96421276,n24258653,16,economica,falso
2262,cog7539-2262,2724,111,f69466449,i78807927,16,primera clase,falso
2890,ibe2338-2890,7567,104,o41678476,o41678476,22,economica,falso
255,lam9554-0255,9052,109,i63697476,i63697476,28,primera clase,verdadero
4772,xle3285-4772,854,125,v03976673,o85238546,24,economica,falso
4800,adc6283-4800,1080,127,i78807927,u37349664,6,economica,verdadero
4758,ncy1133-4758,9593,122,j39937043,e44895667,25,ejecutiva,falso
905,law6318-0905,3331,96,f89276118,w23173820,20,economica,verdadero
2625,law1134-2625,2168,97,n47846939,n47846939,20,economica,verdadero
1430,mph1782-1430,986,118,l56496275,l56496275,18,economica,verdadero
2875,bta9626-2875,117,103,g15489494,x84322989,14,economica,verdadero
3396,adc6283-3396,5363,127,h44001820,g04408945,2,economica,falso
3752,uca4751-3752,3611,107,z09262256,z09262256,25,ejecutiva,verdadero
4902,cog4299-4902,7484,129,f15206543,b30315997,6,economica,falso
2262,cog7539-2262,2292,111,f69466449,p11550487,9,economica,verdadero
4004,eal7933-4004,9435,123,i71542181,g96421276,31,primera clase,verdadero
1618,ibe8751-1618,3214,124,n47846939,j46009647,28,economica,falso
2465,ncy1133-2465,2578,122,g69357980,a40223024,17,economica,falso
3294,eta6742-3294,4764,120,n07672370,k07643594,5,primera clase,verdadero
4004,eal7933-4004,8829,123,i71542181,o41678476,19,primera clase,falso
905,law6318-0905,6016,96,f89276118,f89276118,19,ejecutiva,verdadero
4926,lam9574-4926,8272,131,a17367163,d99418548,18,economica,verdadero
3080,xle5111-3080,3139,112,s03830222,x91486662,22,ejecutiva,falso
1991,uan2468-1991,4170,99,d84069297,d84069297,29,economica,verdadero
2193,uca4751-2193,7233,107,y23187711,u37349664,12,economica,verdadero
2281,kai3589-2281,8217,115,x49704522,x49704522,15,primera clase,falso
174,lud5927-0174,9569,102,i78807927,g69357980,10,ejecutiva,verdadero
1090,ibe2338-1090,3570,104,g15489494,a17367163,26,economica,verdadero
4473,cog7539-4473,2475,111,t18212951,f15206543,25,primera clase,verdadero
3972,adc8249-3972,4475,119,u68917595,u68917595,7,ejecutiva,falso
743,qaf4466-0743,348,126,c59429415,l56496275,22,ejecutiva,verdadero
2193,uca4751-2193,5853,107,y23187711,w06120402,4,ejecutiva,verdadero
3287,mph1782-3287,2329,118,f69466449,f89276118,1,economica,falso
1331,eta7128-1331,4357,114,v03976673,m25657749,11,economica,verdadero
3536,xle7933-3536,6868,95,g04408945,g15489494,18,primera clase,falso
1007,cog3144-1007,8281,98,z09262256,z09262256,12,economica,falso
3037,lrc4743-3037,6212,110,j47009281,a40223024,17,economica,falso
2964,uca4751-2964,7738,107,y88079794,i71542181,26,primera clase,verdadero
3293,adc8249-3293,2821,119,c59429415,p34583903,9,primera clase,verdadero
2262,cog7539-2262,7657,111,f69466449,y23187711,6,ejecutiva,verdadero
3463,lat2175-3463,5896,132,v79731274,n07672370,20,ejecutiva,verdadero
736,xle3285-0736,981,125,d64763364,j33947155,1,primera clase,falso
3293,adc8249-3293,9031,119,c59429415,c59429415,17,primera clase,falso
1361,kai3589-1361,8504,115,p11550487,p11550487,18,primera clase,verdadero
3080,xle5111-3080,8744,112,s03830222,s03830222,27,economica,falso
174,lud5927-0174,4453,102,i78807927,i07581924,8,primera clase,falso
3003,lam9554-3003,8724,109,c87025090,z87364523,15,economica,verdadero
405,xle5111-0405,6198,112,z87364523,v79731274,15,ejecutiva,verdadero
4123,qaf4466-4123,8589,126,j39937043,h44001820,28,ejecutiva,verdadero
2621,law6318-2621,8715,96,i19062847,k07643594,23,economica,verdadero
3593,azi6476-3593,9669,101,j33947155,n49905893,10,economica,falso
3147,kea7139-3147,6463,113,j39937043,i07581924,25,economica,verdadero
1542,eal7933-1542,2060,123,t59160871,i71394677,22,economica,verdadero
3471,kai7891-3471,4702,133,x49704522,g15489494,27,ejecutiva,falso
174,lud5927-0174,3633,102,i78807927,y33413387,12,primera clase,falso
3237,eal8271-3237,6441,117,f09235820,f09235820,25,ejecutiva,verdadero
3059,cog7539-3059,1649,111,j33947155,g15489494,4,ejecutiva,verdadero
2542,bta8394-2542,4538,128,i19062847,c63211080,27,primera clase,verdadero
3231,ncy5615-3231,9822,116,a40223024,e44895667,24,economica,falso
1733,lat2175-1733,6912,132,j46009647,r56995721,2,economica,verdadero
4727,lud7177-4727,3441,121,z09262256,z09262256,19,primera clase,falso
4922,lrc9669-4922,6586,130,j46009647,j46009647,5,ejecutiva,falso
743,qaf4466-0743,9806,126,c59429415,c59429415,23,ejecutiva,verdadero
255,lam9554-0255,951,109,i63697476,d84069297,19,ejecutiva,verdadero
3564,law1134-3564,7165,97,y05451726,q62966391,4,primera clase,falso
2577,lam9574-2577,8940,131,p84627985,p34583903,10,economica,falso
3394,qaf4466-3394,5007,126,j46610530,j46610530,24,economica,verdadero
2133,law6351-2133,5569,105,y13424296,y13424296,1,ejecutiva,falso
159,azi6476-0159,2378,101,c59429415,n07672370,8,economica,verdadero
1288,kea7139-1288,9141,113,s03830222,s03830222,21,ejecutiva,verdadero
2578,lat2175-2578,5567,132,y88079794,t72132858,18,economica,verdadero
2281,kai3589-2281,8633,115,x49704522,h44001820,16,economica,falso
3819,cog7539-3819,3959,111,x84322989,d39176940,22,economica,falso
1251,lrc4743-1251,9712,110,s03830222,k07643594,5,ejecutiva,falso
2193,uca4751-2193,1282,107,y23187711,n07672370,24,economica,verdadero
628,ncy1133-0628,5073,122,j76795477,y38354449,4,economica,falso
2048,lud5927-2048,4134,102,j86333952,j86333952,30,ejecutiva,falso
2540,adc6283-2540,7756,127,t18212951,u68917595,28,economica,falso
3668,lud5927-3668,2582,102,i19062847,l56496275,13,ejecutiva,falso
4033,ibe8751-4033,6071,124,j86333952,g04408945,21,ejecutiva,verdadero
1975,cog3144-1975,7481,98,r10584802,r10584802,22,primera clase,falso
3972,adc8249-3972,2859,119,u68917595,o01507856,18,primera clase,falso
3231,ncy5615-3231,6724,116,a40223024,f70729457,29,ejecutiva,verdadero
1361,kai3589-1361,5642,115,p11550487,c87025090,26,primera clase,falso
3772,uan2881-3772,4784,108,x84322989,q62966391,7,primera clase,verdadero
2739,lat5532-2739,8378,100,r17782317,j33947155,11,primera clase,falso
3450,lam9574-3450,1487,131,a40223024,a40223024,13,ejecutiva,falso
1,xle7933-0001,5294,95,e44895667,w23173820,14,primera clase,falso
4265,azi6476-4265,4390,101,q62966391,y88079794,29,primera clase,falso
4404,qaf6392-4404,4982,106,r56995721,y13424296,1,economica,verdadero
3450,lam9574-3450,3902,131,a40223024,v39868007,21,ejecutiva,verdadero
1618,ibe8751-1618,4205,124,n47846939,j76795477,13,economica,falso
4470,lrc4743-4470,2140,110,x84322989,n68461604,26,economica,verdadero
3832,kea7139-3832,7491,113,j47009281,j47009281,22,economica,falso
2739,lat5532-2739,9095,100,r17782317,j47009281,28,economica,verdadero
3168,eta7128-3168,4021,114,p84627985,p84627985,21,economica,verdadero
3405,bta8394-3405,9027,128,g69357980,r10584802,15,ejecutiva,falso
435,eta7128-0435,308,114,o04335063,n07672370,28,ejecutiva,falso
1722,lrc9669-1722,6139,130,n07672370,n68461604,6,economica,verdadero
4669,mph1782-4669,3508,118,z09262256,y33413387,13,economica,verdadero
1422,eal8271-1422,4207,117,l87663260,l87663260,4,primera clase,falso
4404,qaf6392-4404,3585,106,r56995721,r56995721,29,economica,verdadero
1269,cog7539-1269,8814,111,g04408945,g04408945,15,ejecutiva,falso
2597,kai7891-2597,756,133,n15841852,n15841852,20,economica,verdadero
4236,law1134-4236,807,97,t72132858,i63697476,32,economica,verdadero
2220,lam9554-2220,2754,109,l87663260,h23592194,20,economica,verdadero
629,eal7933-0629,2265,123,i63697476,l56496275,29,economica,verdadero
1480,lud7177-1480,7872,121,v39868007,v39868007,18,economica,verdadero
4763,eal7933-4763,9088,123,d39176940,o01507856,21,ejecutiva,falso
3772,uan2881-3772,2191,108,x84322989,n24258653,29,primera clase,verdadero
2262,cog7539-2262,7761,111,f69466449,d46250570,24,economica,verdadero
1436,eta6742-1436,7412,120,d39176940,e44895667,23,economica,falso
4490,xle5111-4490,9085,112,d64763364,f70729457,28,economica,falso
616,eta6742-0616,7950,120,l87663260,d39176940,10,primera clase,verdadero
3728,law6351-3728,7593,105,j47009281,j47009281,2,economica,verdadero
3593,azi6476-3593,2486,101,j33947155,y05451726,9,economica,verdadero
435,eta7128-0435,9748,114,o04335063,z87364523,17,economica,falso
2500,ibe8751-2500,8830,124,t59160871,t59160871,19,economica,verdadero
4064,xle3285-4064,7297,125,x66304032,x66304032,12,primera clase,verdadero
1195,uan2881-1195,7721,108,j76795477,l56496275,2,economica,falso
1037,lat5532-1037,5679,100,x66304032,w23173820,15,economica,verdadero
736,xle3285-0736,6837,125,d64763364,g15489494,4,primera clase,verdadero
1090,ibe2338-1090,4541,104,g15489494,o04335063,11,economica,falso
2855,lud5927-2855,7111,102,c87025090,c87025090,6,economica,verdadero
1678,adc6283-1678,1261,127,n47846939,t18212951,27,primera clase,verdadero
4268,lud5927-4268,2446,102,v03976673,v03976673,24,primera clase,falso
1165,uca4751-1165,5963,107,x84322989,x84322989,7,economica,verdadero
2910,law6351-2910,3354,105,v79731274,d76513142,30,economica,falso
3591,lat5532-3591,4302,100,p11550487,f69466449,4,ejecutiva,verdadero
4771,ibe8751-4771,482,124,i63697476,i63697476,5,ejecutiva,verdadero
182,ibe2338-0182,2943,104,j39937043,n24258653,28,primera clase,verdadero
174,lud5927-0174,4943,102,i78807927,y88079794,16,ejecutiva,verdadero
894,xle7933-0894,3065,95,s05106445,y23187711,12,primera clase,verdadero
616,eta6742-0616,7732,120,l87663260,l87663260,9,primera clase,verdadero
4727,lud7177-4727,5598,121,z09262256,d46250570,11,ejecutiva,falso
4902,cog4299-4902,2407,129,f15206543,f15206543,5,primera clase,verdadero
2616,xle7933-2616,1914,95,i71542181,t33834498,9,economica,falso
405,xle5111-0405,325,112,z87364523,o85238546,3,ejecutiva,falso
3037,lrc4743-3037,1217,110,j47009281,j46610530,6,primera clase,falso
3421,lrc9669-3421,9749,130,b30315997,f69466449,18,economica,falso
1991,uan2468-1991,8276,99,d84069297,r56995721,30,ejecutiva,verdadero
4922,lrc9669-4922,1675,130,j46009647,nan,22,economica,verdadero
3668,lud5927-3668,7853,102,i19062847,j46610530,15,economica,verdadero
405,xle5111-0405,3741,112,z87364523,z87364523,8,economica,falso
221,qaf6392-0221,3945,106,f69466449,n15841852,19,economica,falso
2497,eal7933-2497,9029,123,r56995721,r17782317,9,ejecutiva,verdadero
1113,law6351-1113,1678,105,j34719947,t59160871,4,primera clase,verdadero
4727,lud7177-4727,4091,121,z09262256,i07581924,2,economica,falso
2054,bta9626-2054,6684,103,j39937043,l56496275,9,primera clase,falso
92,uan2468-0092,1926,99,f23633774,f23633774,20,economica,falso
4669,mph1782-4669,7884,118,z09262256,g69357980,2,primera clase,falso
2497,eal7933-2497,6685,123,r56995721,r56995721,18,economica,falso
1726,lam9574-1726,4349,131,j46610530,i71542181,12,economica,verdadero
3972,adc8249-3972,5128,119,u68917595,f09235820,28,economica,falso
4782,qaf4466-4782,134,126,y33413387,y33413387,5,ejecutiva,falso
4177,lam9574-4177,6844,131,z09262256,z87364523,15,ejecutiva,falso
3775,lam9554-3775,9634,109,v39868007,v39868007,9,economica,falso
3536,xle7933-3536,967,95,g04408945,y13424296,27,economica,verdadero
3409,cog4299-3409,353,129,x84322989,f89276118,23,economica,falso
2704,uan2468-2704,4457,99,x84322989,x84322989,10,primera clase,falso
736,xle3285-0736,7163,125,d64763364,l94336722,23,economica,falso
3471,kai7891-3471,7647,133,x49704522,x49704522,23,economica,falso
1090,ibe2338-1090,8156,104,g15489494,g15489494,9,economica,verdadero
3405,bta8394-3405,7913,128,g69357980,a40223024,6,economica,falso
1699,cog4299-1699,3739,129,i19062847,j33947155,10,primera clase,verdadero
4473,cog7539-4473,7914,111,t18212951,r56995721,26,economica,verdadero
1907,xle7933-1907,4510,95,c87025090,d99418548,17,primera clase,falso
3593,azi6476-3593,2710,101,j33947155,i19062847,18,primera clase,verdadero
1037,lat5532-1037,8174,100,x66304032,d99418548,29,economica,falso
1269,cog7539-1269,5074,111,g04408945,g96421276,7,primera clase,verdadero
4236,law1134-4236,1674,97,t72132858,t72132858,19,economica,falso
1515,ncy1133-1515,193,122,c63211080,x66304032,1,economica,falso
4523,kea7139-4523,1443,113,l56496275,l56496275,31,ejecutiva,falso
4727,lud7177-4727,9751,121,z09262256,s05106445,21,economica,verdadero
1995,lat5532-1995,5522,100,m25657749,y13424296,24,primera clase,verdadero
4646,ncy5615-4646,631,116,i19062847,o41678476,21,primera clase,falso
3564,law1134-3564,2586,97,y05451726,i07581924,15,ejecutiva,verdadero
3003,lam9554-3003,8877,109,c87025090,c87025090,21,ejecutiva,falso
3593,azi6476-3593,8476,101,j33947155,k07643594,20,economica,falso
4158,cog4299-4158,5539,129,p11550487,y23187711,27,ejecutiva,falso
3974,eta6742-3974,872,120,h23592194,a17367163,15,economica,falso
1405,ncy5615-1405,6144,116,t33834498,t33834498,26,ejecutiva,verdadero
842,lam9574-0842,7587,131,k07643594,x84322989,9,ejecutiva,falso
538,mph1782-0538,3595,118,f15206543,f15206543,20,economica,falso
1037,lat5532-1037,8501,100,x66304032,i07581924,13,ejecutiva,verdadero
2226,lrc4743-2226,853,110,l94336722,v03976673,16,economica,falso
4365,bta9626-4365,9203,103,d64763364,d64763364,1,economica,verdadero
2448,lud7177-2448,9252,121,n15841852,w23173820,7,economica,verdadero
21,law1134-0021,4238,97,v39868007,v39868007,30,ejecutiva,falso
3366,ibe8751-3366,1978,124,d46250570,w06120402,10,economica,verdadero
3588,uan2468-3588,7651,99,p34583903,p34583903,11,primera clase,verdadero
1331,eta7128-1331,8842,114,v03976673,v39868007,15,economica,verdadero
4263,lat5532-4263,6558,100,v03976673,c87025090,1,economica,falso
1687,bta8394-1687,1377,128,n47846939,o04335063,19,economica,verdadero
1687,bta8394-1687,8496,128,n47846939,n49905893,10,primera clase,falso
3887,ncy5615-3887,2782,116,v03976673,j47009281,30,ejecutiva,falso
4427,uca4751-4427,4694,107,f70729457,b30315997,16,primera clase,verdadero
1286,xle5111-1286,6570,112,m25657749,p11550487,19,economica,verdadero
2875,bta9626-2875,6638,103,g15489494,l94336722,7,economica,falso
4236,law1134-4236,1285,97,t72132858,z09262256,17,ejecutiva,verdadero
628,ncy1133-0628,7767,122,j76795477,j76795477,6,economica,verdadero
4372,ibe2338-4372,6140,104,l97895867,r17782317,3,economica,falso
2625,law1134-2625,7303,97,n47846939,y05451726,25,economica,verdadero
2448,lud7177-2448,5274,121,n15841852,n15841852,16,ejecutiva,falso
531,eal8271-0531,9744,117,n15841852,n15841852,8,ejecutiva,falso
1080,lud5927-1080,3111,102,r56995721,d99418548,25,economica,verdadero
3845,kai3589-3845,6211,115,g15489494,o04335063,17,economica,verdadero
4772,xle3285-4772,5777,125,v03976673,u68917595,21,economica,verdadero
3712,ibe2338-3712,3895,104,u37349664,u37349664,32,ejecutiva,falso
4033,ibe8751-4033,7212,124,j86333952,j86333952,1,economica,falso
1288,kea7139-1288,2431,113,s03830222,l87663260,23,economica,verdadero
4523,kea7139-4523,4991,113,l56496275,t33834498,1,ejecutiva,verdadero
2448,lud7177-2448,493,121,n15841852,y88079794,1,ejecutiva,falso
9,law6318-0009,1103,96,d84069297,d84069297,14,primera clase,falso
2890,ibe2338-2890,5995,104,o41678476,y88079794,31,economica,verdadero
1970,law1134-1970,394,97,z87364523,x84322989,31,primera clase,verdadero
820,cog4299-0820,4806,129,j34719947,f09235820,19,economica,verdadero
174,lud5927-0174,9302,102,i78807927,g04408945,20,economica,verdadero
2281,kai3589-2281,2195,115,x49704522,m25657749,14,economica,verdadero
842,lam9574-0842,442,131,k07643594,k07643594,25,economica,falso
2440,eta6742-2440,6539,120,t18212951,q62966391,14,primera clase,falso
372,lrc4743-0372,3120,110,l87663260,h23592194,15,economica,verdadero
4137,adc6283-4137,4012,127,g15489494,f89276118,4,ejecutiva,falso
1907,xle7933-1907,1637,95,c87025090,c87025090,16,economica,falso
3951,mph1782-3951,881,118,c59429415,c59429415,26,economica,verdadero
1618,ibe8751-1618,8996,124,n47846939,n47846939,25,economica,falso
3739,qaf6392-3739,6113,106,h44001820,p11550487,14,primera clase,verdadero
613,adc8249-0613,6604,119,l56496275,v79731274,15,economica,falso
2504,xle3285-2504,3230,125,l87663260,l87663260,5,economica,verdadero
221,qaf6392-0221,7293,106,f69466449,p34583903,5,ejecutiva,verdadero
3287,mph1782-3287,9135,118,f69466449,s03830222,17,ejecutiva,falso
2988,uan2881-2988,1445,108,n07672370,a17367163,12,ejecutiva,verdadero
1733,lat2175-1733,583,132,j46009647,j46009647,17,primera clase,falso
2597,kai7891-2597,1911,133,n15841852,n47846939,25,economica,falso
4427,uca4751-4427,8864,107,f70729457,y05451726,15,ejecutiva,verdadero
2054,bta9626-2054,6123,103,j39937043,h44001820,19,economica,falso
2844,azi6476-2844,7716,101,o04335063,b30315997,28,economica,verdadero
629,eal7933-0629,1568,123,i63697476,i63697476,13,economica,verdadero
3974,eta6742-3974,5810,120,h23592194,p84627985,22,economica,verdadero
25,cog3144-0025,5940,98,j34719947,j34719947,10,economica,verdadero
102,lat5532-0102,7256,100,g96421276,v39868007,27,economica,verdadero
3591,lat5532-3591,4983,100,p11550487,z51226931,20,economica,verdadero
4188,kai7891-4188,1016,133,y23187711,y23187711,9,economica,falso
4150,bta8394-4150,3921,128,n15841852,d76513142,30,ejecutiva,falso
1515,ncy1133-1515,8029,122,c63211080,z09262256,26,economica,verdadero
2616,xle7933-2616,5525,95,i71542181,n15841852,10,ejecutiva,verdadero
3887,ncy5615-3887,2433,116,v03976673,g96421276,27,ejecutiva,verdadero
3396,adc6283-3396,2806,127,h44001820,h44001820,13,economica,falso
2339,mph1782-2339,3174,118,d64763364,g15489494,14,primera clase,falso
1016,uan2468-1016,2975,99,f09235820,d39176940,13,economica,falso
1430,mph1782-1430,2725,118,l56496275,p84627985,4,economica,falso
2414,adc8249-2414,8608,119,d46250570,d46250570,26,economica,verdadero
2029,azi6476-2029,5120,101,j34719947,f69466449,4,economica,falso
1080,lud5927-1080,9560,102,r56995721,r56995721,28,ejecutiva,falso
3951,mph1782-3951,4102,118,c59429415,s05106445,27,economica,verdadero
3293,adc8249-3293,3081,119,c59429415,c63211080,27,ejecutiva,verdadero
3543,law6318-3543,6020,96,n55362278,n55362278,24,ejecutiva,falso
2123,ibe2338-2123,1340,104,j46610530,v79731274,18,economica,verdadero
3752,uca4751-3752,9750,107,z09262256,n47846939,27,economica,falso
3591,lat5532-3591,5408,100,p11550487,p11550487,3,economica,falso
3463,lat2175-3463,6990,132,v79731274,f23633774,24,primera clase,falso
444,kai3589-0444,5552,115,x66304032,j76795477,4,economica,falso
3298,lud7177-3298,2781,121,c59429415,o85238546,9,ejecutiva,verdadero
4247,uan2468-4247,4209,99,n49905893,y13424296,21,economica,verdadero
3339,eal7933-3339,2938,123,n47846939,j47009281,30,economica,falso
3832,kea7139-3832,705,113,j47009281,f69466449,26,economica,falso
1722,lrc9669-1722,2755,130,n07672370,c63211080,1,primera clase,falso
3376,xle3285-3376,5335,125,t72132858,t72132858,8,economica,verdadero
181,bta9626-0181,1805,103,f89276118,f89276118,4,ejecutiva,falso
3421,lrc9669-3421,9048,130,b30315997,s03830222,17,primera clase,verdadero
4186,lat2175-4186,3100,132,t33834498,t33834498,14,economica,falso
945,law1134-0945,9315,97,n15841852,n15841852,7,economica,verdadero
2739,lat5532-2739,5390,100,r17782317,r17782317,14,economica,falso
3591,lat5532-3591,1970,100,p11550487,g69357980,5,economica,falso
2844,azi6476-2844,9497,101,o04335063,t18212951,11,economica,verdadero
2597,kai7891-2597,4866,133,n15841852,f70729457,8,ejecutiva,falso
2262,cog7539-2262,7726,111,f69466449,f69466449,28,economica,verdadero
1749,kai7891-1749,148,133,i63697476,y38354449,26,economica,falso
4800,adc6283-4800,8291,127,i78807927,i78807927,20,primera clase,falso
4646,ncy5615-4646,7073,116,i19062847,z09262256,5,economica,verdadero
3394,qaf4466-3394,1065,126,j46610530,s05106445,26,economica,falso
3405,bta8394-3405,4849,128,g69357980,x49704522,23,primera clase,falso
4064,xle3285-4064,4193,125,x66304032,n49905893,15,economica,verdadero
4660,eal8271-4660,2163,117,v79731274,h23592194,20,economica,verdadero
873,kai7891-0873,9807,133,y05451726,t72132858,7,economica,falso
3366,ibe8751-3366,6581,124,d46250570,x49704522,14,ejecutiva,falso
1007,cog3144-1007,6515,98,z09262256,j86333952,13,economica,verdadero
174,lud5927-0174,6357,102,i78807927,i78807927,14,economica,falso
2271,xle5111-2271,1179,112,p84627985,f89276118,9,ejecutiva,falso
4523,kea7139-4523,2006,113,l56496275,w23173820,28,economica,falso
629,eal7933-0629,8752,123,i63697476,p34583903,25,economica,verdadero
1975,cog3144-1975,6070,98,r10584802,y13424296,15,economica,falso
2625,law1134-2625,90,97,n47846939,u37349664,3,economica,verdadero
4263,lat5532-4263,4776,100,v03976673,t72132858,8,economica,falso
3366,ibe8751-3366,6996,124,d46250570,k07643594,2,economica,falso
2133,law6351-2133,1090,105,y13424296,i71542181,22,ejecutiva,verdadero
2633,cog3144-2633,5203,98,i19062847,nan,9,economica,falso
1051,azi6476-1051,9059,101,z87364523,t72132858,5,economica,verdadero
4265,azi6476-4265,1968,101,q62966391,l87663260,21,ejecutiva,falso
1975,cog3144-1975,7107,98,r10584802,y88079794,20,economica,falso
4004,eal7933-4004,4165,123,i71542181,i71542181,27,economica,verdadero
2543,cog4299-2543,1548,129,n49905893,n55362278,26,primera clase,falso
3887,ncy5615-3887,9607,116,v03976673,k07643594,31,economica,falso
2220,lam9554-2220,7617,109,l87663260,p11550487,16,ejecutiva,verdadero
1155,qaf6392-1155,3107,106,q62966391,x49704522,20,primera clase,falso
221,qaf6392-0221,927,106,f69466449,f69466449,13,primera clase,verdadero
834,lrc9669-0834,707,130,j46610530,n55362278,10,economica,verdadero
1970,law1134-1970,9352,97,z87364523,l87663260,18,ejecutiva,verdadero
4926,lam9574-4926,7305,131,a17367163,d46250570,17,ejecutiva,verdadero
2440,eta6742-2440,7103,120,t18212951,t18212951,12,ejecutiva,verdadero
3147,kea7139-3147,3360,113,j39937043,q76465555,24,ejecutiva,verdadero
4727,lud7177-4727,4588,121,z09262256,j47009281,14,ejecutiva,verdadero
3396,adc6283-3396,8335,127,h44001820,k07643594,16,economica,falso
2276,kea7139-2276,1929,113,r17782317,r17782317,14,ejecutiva,verdadero
4209,xle7933-4209,81,95,m25657749,t18212951,20,economica,verdadero
4634,kai3589-4634,8309,115,t72132858,q76465555,19,primera clase,verdadero
4150,bta8394-4150,2766,128,n15841852,g15489494,29,economica,verdadero
174,lud5927-0174,8435,102,i78807927,s03830222,27,economica,verdadero
3978,lud7177-3978,9739,121,g15489494,i63697476,17,ejecutiva,verdadero
1678,adc6283-1678,4775,127,n47846939,n47846939,26,economica,verdadero
3298,lud7177-3298,7542,121,c59429415,f70729457,8,ejecutiva,falso
4727,lud7177-4727,4792,121,z09262256,k07643594,13,ejecutiva,falso
2301,eal8271-2301,7215,117,w23173820,w23173820,24,economica,falso
4064,xle3285-4064,8737,125,x66304032,r17782317,13,ejecutiva,verdadero
2054,bta9626-2054,5672,103,j39937043,z87364523,8,economica,verdadero
3836,eta7128-3836,4668,114,f15206543,t72132858,13,economica,falso
4372,ibe2338-4372,9630,104,l97895867,l97895867,7,primera clase,falso
2540,adc6283-2540,5030,127,t18212951,n68461604,30,primera clase,falso
894,xle7933-0894,7883,95,s05106445,s05106445,30,ejecutiva,verdadero
2414,adc8249-2414,8296,119,d46250570,f23633774,16,economica,verdadero
1726,lam9574-1726,6576,131,j46610530,o41678476,2,economica,verdadero
2578,lat2175-2578,8371,132,y88079794,o04335063,23,economica,verdadero
736,xle3285-0736,4956,125,d64763364,nan,11,economica,falso
1515,ncy1133-1515,6869,122,c63211080,x91486662,27,economica,falso
3772,uan2881-3772,7558,108,x84322989,s03830222,30,economica,falso
1016,uan2468-1016,4985,99,f09235820,o01507856,6,primera clase,falso
4158,cog4299-4158,9966,129,p11550487,n68461604,24,primera clase,falso
4758,ncy1133-4758,5129,122,j39937043,j39937043,20,economica,falso
2515,qaf4466-2515,2382,126,t18212951,t18212951,21,economica,verdadero
2123,ibe2338-2123,4249,104,j46610530,j46610530,12,economica,falso
4470,lrc4743-4470,8880,110,x84322989,x84322989,27,ejecutiva,verdadero
1155,qaf6392-1155,4462,106,q62966391,q62966391,28,primera clase,verdadero
843,lat2175-0843,7472,132,g69357980,g69357980,13,ejecutiva,falso
4247,uan2468-4247,7594,99,n49905893,l97895867,27,primera clase,falso
3059,cog7539-3059,1545,111,j33947155,j33947155,32,economica,falso
1642,qaf4466-1642,994,126,v79731274,v79731274,29,ejecutiva,falso
3543,law6318-3543,9017,96,n55362278,r10584802,21,primera clase,falso
1007,cog3144-1007,6779,98,z09262256,s03830222,29,primera clase,falso
